일자,평균기온(℃),최대기온(℃),최소기온(℃),평균 지표온도(℃),최대 지표온도(℃),최소 지표온도(℃),습도(%),일사량(W/㎡),풍속(㎧)
2019-01-13,6.62 ,15.65 ,5.12 ,4.87 ,5.19 ,4.61 ,90.10 ,152.50 ,2.60 
2019-01-14,5.44 ,8.29 ,3.27 ,5.08 ,5.19 ,4.98 ,84.60 ,146.30 ,3.41 
2019-01-15,4.93 ,9.02 ,2.09 ,4.85 ,5.11 ,4.67 ,84.20 ,167.70 ,2.96 
2019-01-16,4.97 ,8.76 ,1.00 ,4.75 ,4.87 ,4.63 ,77.52 ,156.20 ,4.44 
2019-01-17,0.59 ,2.42 ,-0.55 ,4.53 ,4.86 ,4.32 ,81.30 ,137.20 ,4.83 
2019-01-18,2.88 ,5.73 ,1.07 ,4.07 ,4.33 ,3.96 ,74.01 ,136.10 ,4.42 
2019-01-19,4.00 ,10.13 ,-2.03 ,3.84 ,4.03 ,3.68 ,79.29 ,177.50 ,2.38 
2019-01-20,7.20 ,11.59 ,-1.97 ,3.70 ,4.00 ,3.51 ,89.40 ,124.50 ,2.08 
2019-01-21,4.70 ,10.21 ,1.21 ,4.15 ,4.32 ,3.83 ,85.10 ,147.60 ,6.15 
2019-01-22,3.49 ,6.39 ,1.07 ,4.08 ,4.27 ,3.93 ,76.41 ,182.40 ,4.91 
2019-01-23,5.78 ,9.83 ,3.57 ,4.13 ,4.40 ,3.94 ,71.45 ,181.80 ,3.38 
2019-01-24,6.03 ,10.91 ,-0.28 ,4.16 ,4.40 ,3.92 ,71.19 ,186.10 ,3.35 
2019-01-25,4.72 ,12.06 ,-1.30 ,4.14 ,4.33 ,3.92 ,64.97 ,191.50 ,3.14 
2019-01-26,3.58 ,8.02 ,-2.44 ,3.92 ,4.31 ,3.69 ,74.91 ,152.90 ,4.04 
2019-01-27,1.45 ,4.11 ,-0.07 ,3.65 ,3.89 ,3.47 ,70.36 ,177.60 ,6.04 
2019-01-28,3.26 ,7.81 ,-0.08 ,3.38 ,3.61 ,3.14 ,79.36 ,192.00 ,3.05 
2019-01-29,5.07 ,8.29 ,0.26 ,3.42 ,3.61 ,3.26 ,75.28 ,136.40 ,3.80 
2019-01-30,4.48 ,11.18 ,-0.14 ,3.42 ,3.82 ,3.18 ,79.40 ,185.40 ,2.32 
2019-01-31,6.58 ,10.79 ,3.03 ,3.94 ,4.46 ,3.78 ,86.50 ,133.00 ,1.42 
2019-02-01,2.35 ,6.20 ,-0.88 ,4.37 ,4.50 ,4.10 ,96.70 ,113.40 ,5.29 
2019-02-02,1.50 ,3.74 ,-0.55 ,3.83 ,4.10 ,3.62 ,82.80 ,161.60 ,5.25 
2019-02-03,6.08 ,10.99 ,-2.24 ,3.47 ,3.63 ,3.17 ,81.30 ,188.20 ,3.22 
2019-02-04,12.86 ,19.61 ,6.67 ,4.67 ,6.28 ,3.09 ,95.10 ,166.00 ,5.01 
2019-02-05,4.41 ,8.21 ,-0.62 ,6.03 ,6.32 ,5.82 ,63.87 ,197.90 ,4.45 
2019-02-06,5.79 ,13.37 ,-3.45 ,5.23 ,5.83 ,4.87 ,76.17 ,191.80 ,1.80 
2019-02-07,8.91 ,15.49 ,3.84 ,5.44 ,5.77 ,5.29 ,89.00 ,146.50 ,1.25 
2019-02-08,4.75 ,12.48 ,-0.82 ,5.56 ,5.77 ,5.39 ,89.30 ,124.40 ,4.04 
2019-02-09,1.19 ,6.82 ,-1.02 ,4.86 ,5.40 ,4.59 ,72.45 ,175.30 ,4.42 
2019-02-10,0.22 ,2.02 ,-1.15 ,4.40 ,4.76 ,4.05 ,84.40 ,134.20 ,5.11 
2019-02-11,0.76 ,3.77 ,-0.68 ,3.71 ,4.05 ,3.55 ,77.73 ,141.30 ,3.65 
2019-02-12,1.21 ,3.00 ,0.13 ,3.42 ,3.64 ,3.30 ,81.30 ,127.90 ,4.40 
2019-02-13,3.45 ,8.65 ,-1.15 ,3.20 ,3.53 ,3.01 ,71.22 ,194.90 ,2.08 
2019-02-14,4.57 ,7.54 ,2.42 ,3.68 ,4.09 ,3.52 ,67.40 ,199.70 ,3.44 
2019-02-15,2.91 ,9.17 ,-1.83 ,3.96 ,4.14 ,3.79 ,76.95 ,156.80 ,2.19 
2019-02-16,3.66 ,7.69 ,-1.97 ,3.80 ,4.14 ,3.63 ,94.60 ,120.80 ,2.50 
2019-02-17,2.01 ,4.38 ,0.60 ,3.71 ,3.79 ,3.65 ,83.40 ,134.80 ,5.77 
2019-02-18,1.90 ,5.18 ,0.60 ,3.53 ,3.84 ,3.32 ,77.82 ,181.90 ,4.00 
2019-02-19,5.37 ,9.03 ,1.17 ,3.65 ,3.84 ,3.48 ,85.50 ,131.40 ,2.09 
2019-02-20,8.31 ,12.40 ,3.71 ,4.71 ,5.45 ,3.84 ,98.30 ,140.40 ,3.83 
2019-02-21,4.78 ,7.72 ,2.93 ,5.23 ,5.44 ,5.08 ,86.50 ,149.70 ,3.63 
2019-02-22,4.98 ,9.36 ,2.01 ,5.18 ,5.51 ,5.02 ,77.62 ,192.30 ,2.87 
2019-02-23,6.03 ,10.44 ,1.38 ,5.37 ,5.51 ,5.23 ,92.30 ,130.80 ,2.08 
2019-02-24,7.13 ,13.57 ,2.36 ,5.44 ,5.85 ,5.22 ,79.94 ,197.60 ,2.37 
2019-02-25,7.47 ,14.35 ,0.60 ,5.79 ,6.24 ,5.52 ,76.56 ,212.00 ,1.97 
2019-02-26,8.54 ,13.20 ,4.44 ,6.01 ,6.35 ,5.71 ,54.58 ,210.00 ,3.87 
2019-02-27,8.05 ,14.76 ,2.55 ,6.09 ,6.43 ,5.73 ,33.46 ,216.40 ,3.44 
2019-02-28,8.36 ,10.38 ,5.13 ,6.18 ,6.42 ,6.04 ,92.10 ,119.10 ,1.47 
2019-03-01,8.57 ,13.14 ,5.80 ,6.45 ,7.02 ,6.21 ,82.30 ,188.00 ,3.02 
2019-03-02,7.41 ,11.75 ,4.05 ,6.76 ,7.05 ,6.44 ,62.98 ,206.10 ,3.21 
2019-03-03,7.95 ,12.54 ,1.00 ,6.76 ,7.05 ,6.58 ,88.20 ,128.50 ,1.52 
2019-03-04,9.45 ,11.79 ,7.88 ,6.84 ,7.05 ,6.74 ,96.60 ,124.40 ,1.41 
2019-03-05,8.19 ,11.12 ,6.07 ,7.20 ,7.57 ,7.02 ,82.30 ,189.50 ,3.67 
2019-03-06,9.56 ,16.16 ,1.61 ,7.15 ,7.56 ,6.83 ,63.22 ,169.40 ,1.85 
2019-03-07,7.98 ,11.53 ,6.46 ,7.28 ,7.34 ,7.19 ,89.30 ,134.70 ,4.41 
2019-03-08,5.99 ,8.83 ,4.25 ,7.25 ,7.53 ,7.05 ,85.40 ,204.90 ,4.98 
2019-03-09,7.23 ,16.37 ,-1.97 ,7.07 ,7.50 ,6.62 ,59.19 ,227.10 ,1.65 
2019-03-10,9.48 ,15.37 ,0.87 ,7.06 ,7.42 ,6.76 ,90.60 ,154.70 ,3.38 
2019-03-11,9.96 ,11.97 ,7.14 ,7.86 ,8.15 ,7.33 ,99.90 ,114.80 ,4.43 
2019-03-12,8.95 ,14.01 ,2.69 ,7.94 ,8.19 ,7.67 ,71.20 ,200.60 ,3.94 
2019-03-13,9.58 ,16.10 ,3.30 ,8.08 ,8.51 ,7.76 ,58.70 ,224.10 ,5.34 
2019-03-14,5.45 ,9.37 ,2.02 ,7.98 ,8.51 ,7.55 ,58.18 ,230.90 ,6.06 
2019-03-15,6.48 ,14.22 ,-0.35 ,7.56 ,8.02 ,7.22 ,57.24 ,185.60 ,1.85 
2019-03-16,7.45 ,16.04 ,-1.83 ,7.20 ,7.74 ,6.69 ,64.47 ,226.20 ,4.05 
2019-03-17,8.39 ,16.84 ,3.13 ,7.53 ,8.12 ,7.08 ,60.28 ,224.90 ,4.11 
2019-03-18,10.13 ,22.34 ,2.15 ,8.14 ,8.84 ,7.76 ,56.02 ,233.50 ,3.23 
2019-03-19,9.16 ,15.43 ,1.54 ,8.31 ,8.83 ,8.02 ,83.30 ,151.40 ,1.75 
2019-03-20,10.42 ,16.64 ,4.51 ,8.38 ,9.14 ,8.02 ,77.58 ,229.20 ,3.01 
2019-03-21,13.68 ,18.27 ,3.71 ,8.90 ,10.12 ,8.55 ,81.10 ,145.30 ,5.24 
2019-03-22,11.85 ,19.62 ,5.26 ,10.70 ,11.05 ,10.12 ,86.10 ,201.70 ,5.39 
2019-03-23,5.52 ,9.64 ,3.44 ,10.41 ,10.97 ,10.06 ,76.98 ,238.50 ,6.10 
2019-03-24,5.80 ,10.31 ,3.17 ,9.68 ,10.37 ,9.30 ,64.38 ,206.20 ,5.46 
2019-03-25,5.28 ,12.90 ,0.33 ,9.07 ,9.58 ,8.58 ,64.45 ,235.30 ,2.80 
2019-03-26,6.15 ,12.20 ,-0.62 ,8.79 ,9.44 ,8.47 ,75.42 ,150.70 ,1.43 
2019-03-27,12.35 ,18.53 ,3.16 ,8.67 ,9.58 ,8.21 ,68.79 ,231.50 ,3.46 
2019-03-28,13.20 ,22.50 ,1.27 ,9.29 ,9.89 ,8.82 ,51.99 ,236.10 ,2.36 
2019-03-29,14.84 ,21.08 ,10.04 ,10.08 ,10.81 ,9.79 ,67.94 ,207.80 ,2.03 
2019-03-30,12.53 ,20.42 ,5.45 ,10.68 ,11.01 ,10.40 ,81.20 ,191.80 ,1.51 
2019-03-31,10.24 ,16.08 ,4.92 ,10.78 ,11.01 ,10.54 ,71.30 ,190.80 ,4.80 
2019-04-01,5.58 ,8.86 ,3.91 ,10.22 ,10.88 ,9.88 ,53.35 ,213.50 ,5.87 
2019-04-02,7.35 ,11.73 ,3.98 ,9.53 ,10.01 ,9.09 ,59.47 ,238.70 ,3.99 
2019-04-03,9.32 ,14.01 ,5.45 ,9.76 ,10.25 ,9.41 ,53.67 ,234.50 ,2.90 
2019-04-04,7.85 ,13.75 ,1.31 ,9.82 ,10.23 ,9.35 ,40.59 ,248.00 ,2.69 
2019-04-05,10.43 ,18.22 ,2.02 ,9.70 ,10.18 ,9.18 ,41.31 ,232.30 ,1.81 
2019-04-06,11.75 ,20.62 ,4.04 ,10.18 ,10.94 ,9.74 ,70.20 ,242.10 ,2.47 
2019-04-07,13.70 ,22.63 ,5.18 ,10.74 ,11.35 ,10.30 ,65.27 ,238.10 ,1.68 
2019-04-08,14.08 ,24.59 ,4.65 ,11.14 ,11.67 ,10.71 ,84.00 ,211.00 ,2.39 
2019-04-09,14.17 ,22.09 ,6.13 ,11.62 ,12.25 ,11.19 ,63.09 ,242.90 ,1.56 
2019-04-10,12.94 ,16.62 ,7.55 ,11.85 ,12.25 ,11.65 ,88.70 ,157.20 ,4.40 
2019-04-11,9.19 ,14.09 ,6.81 ,11.70 ,11.88 ,11.40 ,99.80 ,123.90 ,3.67 
2019-04-12,9.20 ,12.67 ,7.15 ,11.12 ,11.40 ,11.00 ,96.70 ,140.80 ,1.63 
2019-04-13,10.53 ,16.64 ,3.16 ,11.10 ,11.70 ,10.79 ,69.46 ,253.10 ,2.55 
2019-04-14,9.95 ,18.30 ,1.41 ,11.24 ,11.69 ,10.87 ,73.28 ,216.80 ,1.67 
2019-04-15,12.78 ,18.20 ,6.54 ,11.27 ,11.50 ,11.03 ,74.21 ,174.90 ,4.03 
2019-04-16,11.72 ,19.50 ,4.65 ,11.21 ,11.79 ,10.76 ,45.97 ,256.00 ,3.37 
2019-04-17,13.52 ,22.30 ,3.67 ,11.46 ,11.82 ,11.05 ,68.45 ,219.70 ,2.62 
2019-04-18,13.19 ,18.67 ,7.07 ,11.89 ,12.21 ,11.69 ,89.70 ,171.60 ,1.64 
2019-04-19,14.08 ,23.58 ,4.25 ,11.95 ,12.76 ,11.43 ,84.70 ,254.60 ,1.75 
2019-04-20,14.39 ,22.43 ,6.94 ,12.47 ,12.77 ,12.12 ,91.60 ,180.80 ,2.05 
2019-04-21,15.87 ,22.03 ,10.98 ,13.03 ,13.88 ,12.66 ,88.40 ,245.10 ,2.19 
2019-04-22,16.93 ,24.32 ,8.36 ,13.61 ,14.15 ,13.16 ,76.96 ,228.40 ,1.41 
2019-04-23,19.07 ,25.97 ,14.56 ,14.27 ,15.00 ,13.87 ,77.29 ,234.50 ,2.32 
2019-04-24,16.63 ,18.31 ,15.91 ,14.74 ,14.99 ,14.59 ,99.70 ,121.90 ,3.68 
2019-04-25,18.12 ,23.24 ,14.22 ,15.01 ,15.47 ,14.72 ,97.60 ,164.00 ,1.95 
2019-04-26,16.56 ,22.03 ,11.86 ,15.35 ,15.58 ,15.20 ,96.80 ,156.00 ,1.32 
2019-04-27,10.35 ,15.03 ,8.52 ,14.89 ,15.31 ,14.41 ,94.60 ,155.80 ,4.82 
2019-04-28,11.39 ,16.35 ,8.59 ,14.07 ,14.41 ,13.92 ,86.00 ,210.20 ,2.84 
2019-04-29,12.29 ,16.18 ,7.41 ,13.58 ,14.11 ,13.35 ,86.60 ,144.40 ,2.43 
2019-04-30,15.56 ,19.75 ,12.81 ,13.58 ,14.11 ,13.34 ,99.90 ,135.90 ,2.01 
2019-05-01,14.52 ,16.24 ,13.07 ,14.33 ,14.60 ,14.10 ,99.90 ,136.60 ,1.66 
2019-05-02,14.94 ,21.02 ,10.17 ,14.38 ,14.54 ,14.24 ,79.04 ,218.40 ,3.98 
2019-05-03,17.58 ,22.13 ,13.18 ,13.91 ,14.44 ,13.43 ,31.46 ,258.30 ,5.03 
2019-05-04,18.87 ,25.03 ,11.32 ,13.91 ,14.52 ,13.44 ,38.93 ,257.00 ,2.81 
2019-05-05,18.02 ,26.14 ,8.82 ,14.17 ,14.64 ,13.72 ,48.95 ,233.50 ,1.81 
2019-05-06,18.66 ,26.21 ,8.22 ,14.44 ,15.03 ,13.99 ,52.22 ,249.20 ,2.06 
2019-05-07,14.34 ,19.07 ,8.83 ,14.72 ,15.02 ,14.33 ,62.02 ,258.60 ,3.67 
2019-05-08,12.88 ,19.20 ,7.21 ,14.47 ,14.95 ,14.00 ,58.17 ,259.60 ,2.24 
2019-05-09,15.18 ,22.70 ,7.34 ,14.28 ,14.78 ,13.82 ,44.59 ,224.20 ,1.65 
2019-05-10,15.19 ,22.16 ,8.01 ,14.54 ,15.11 ,14.10 ,51.49 ,251.90 ,1.68 
2019-05-11,17.36 ,25.50 ,9.16 ,14.75 ,15.27 ,14.25 ,46.68 ,252.20 ,1.67 
2019-05-12,18.08 ,25.60 ,8.69 ,14.93 ,15.50 ,14.40 ,44.73 ,255.30 ,1.82 
2019-05-13,17.49 ,26.17 ,8.02 ,15.21 ,15.79 ,14.68 ,62.95 ,239.60 ,1.68 
2019-05-14,18.85 ,21.97 ,15.68 ,15.57 ,15.79 ,15.37 ,89.50 ,165.50 ,2.24 
2019-05-15,19.51 ,24.66 ,13.41 ,16.00 ,16.58 ,15.72 ,88.10 ,209.70 ,2.15 
2019-05-16,19.82 ,27.02 ,12.27 ,16.39 ,16.90 ,15.95 ,69.06 ,253.50 ,2.39 
2019-05-17,20.97 ,26.08 ,16.72 ,16.68 ,17.05 ,16.34 ,81.40 ,232.70 ,3.45 
2019-05-18,19.31 ,23.66 ,17.06 ,16.81 ,17.04 ,16.66 ,89.70 ,168.90 ,5.13 
2019-05-19,19.45 ,20.63 ,17.90 ,17.15 ,18.28 ,16.20 ,99.90 ,133.40 ,6.68 
2019-05-20,19.81 ,22.45 ,17.99 ,18.60 ,19.08 ,18.25 ,99.90 ,142.80 ,4.22 
2019-05-21,14.94 ,17.87 ,12.07 ,18.66 ,19.03 ,17.98 ,73.39 ,211.60 ,5.84 
2019-05-22,16.58 ,22.16 ,10.17 ,17.15 ,17.99 ,16.67 ,46.22 ,268.70 ,3.74 
2019-05-23,20.96 ,28.02 ,8.96 ,16.71 ,17.25 ,16.23 ,43.19 ,262.90 ,2.50 
2019-05-24,23.06 ,30.18 ,13.54 ,17.18 ,17.83 ,16.74 ,47.53 ,265.80 ,2.21 
2019-05-25,23.98 ,33.21 ,13.20 ,17.73 ,18.39 ,17.25 ,52.14 ,258.00 ,2.21 
2019-05-26,22.00 ,30.42 ,12.54 ,18.11 ,18.45 ,17.72 ,51.49 ,247.20 ,2.06 
2019-05-27,20.88 ,22.64 ,19.28 ,18.05 ,18.43 ,17.87 ,71.13 ,160.70 ,4.77 
2019-05-28,20.02 ,24.52 ,14.42 ,17.99 ,18.32 ,17.73 ,98.50 ,137.80 ,5.88 
2019-05-29,17.20 ,20.89 ,13.55 ,18.05 ,18.34 ,17.76 ,59.98 ,260.00 ,5.53 
2019-05-30,22.45 ,27.63 ,18.04 ,17.84 ,18.31 ,17.42 ,33.99 ,263.50 ,3.59 
2019-05-31,22.30 ,29.30 ,16.37 ,18.16 ,18.67 ,17.77 ,45.92 ,225.80 ,1.85 
2019-06-01,15.49 ,17.80 ,12.54 ,18.29 ,18.67 ,18.09 ,92.80 ,145.20 ,1.73 
2019-06-02,18.07 ,26.21 ,11.39 ,17.88 ,18.47 ,17.44 ,80.50 ,236.70 ,1.48 
2019-06-03,18.55 ,25.70 ,10.24 ,18.29 ,18.66 ,17.95 ,72.97 ,220.60 ,1.27 
2019-06-04,19.94 ,27.78 ,9.23 ,18.25 ,18.75 ,17.75 ,71.90 ,257.20 ,1.61 
2019-06-05,20.63 ,23.99 ,16.31 ,18.60 ,18.94 ,18.39 ,97.80 ,158.60 ,1.50 
2019-06-06,23.26 ,29.54 ,16.44 ,19.08 ,19.77 ,18.77 ,86.10 ,246.00 ,1.49 
2019-06-07,22.16 ,25.74 ,19.41 ,19.71 ,20.28 ,19.34 ,92.10 ,185.90 ,3.95 
2019-06-08,19.26 ,24.26 ,16.85 ,20.05 ,20.24 ,19.80 ,96.70 ,158.30 ,5.70 
2019-06-09,18.15 ,19.34 ,17.02 ,19.65 ,19.81 ,19.57 ,99.90 ,130.50 ,2.42 
2019-06-10,17.76 ,23.85 ,13.00 ,19.65 ,19.93 ,19.44 ,91.50 ,238.40 ,1.65 
2019-06-11,17.59 ,22.77 ,13.07 ,19.42 ,19.59 ,19.27 ,91.70 ,183.90 ,1.98 
2019-06-12,18.05 ,23.38 ,13.14 ,19.20 ,19.41 ,19.10 ,90.20 ,200.40 ,1.66 
2019-06-13,18.40 ,24.35 ,12.26 ,19.04 ,19.44 ,18.74 ,87.60 ,222.60 ,1.68 
2019-06-14,17.81 ,23.11 ,10.04 ,19.04 ,19.42 ,18.79 ,92.60 ,211.90 ,2.30 
2019-06-15,18.79 ,20.69 ,16.52 ,19.19 ,19.29 ,19.12 ,99.90 ,130.80 ,2.83 
2019-06-16,19.08 ,22.33 ,17.19 ,19.32 ,19.52 ,19.11 ,88.40 ,252.00 ,5.02 
2019-06-17,18.92 ,22.84 ,13.44 ,19.18 ,19.50 ,19.03 ,81.80 ,231.10 ,4.00 
2019-06-18,19.97 ,28.16 ,12.73 ,18.93 ,19.37 ,18.65 ,86.30 ,240.00 ,1.24 
2019-06-19,19.53 ,23.44 ,17.38 ,19.25 ,19.37 ,19.12 ,96.10 ,158.80 ,1.75 
2019-06-20,20.96 ,27.18 ,16.94 ,19.56 ,19.92 ,19.33 ,89.30 ,231.90 ,1.75 
2019-06-21,22.53 ,28.36 ,17.86 ,19.82 ,20.34 ,19.46 ,84.30 ,216.90 ,1.56 
2019-06-22,21.72 ,26.74 ,16.74 ,20.18 ,20.41 ,19.94 ,87.70 ,188.60 ,1.26 
2019-06-23,20.30 ,24.73 ,15.22 ,20.08 ,20.40 ,19.81 ,94.50 ,187.40 ,2.07 
2019-06-24,18.86 ,24.79 ,14.22 ,19.86 ,20.22 ,19.71 ,91.20 ,174.30 ,1.48 
2019-06-25,19.88 ,28.05 ,12.60 ,19.64 ,20.27 ,19.21 ,87.90 ,260.50 ,1.39 
2019-06-26,20.24 ,26.55 ,12.93 ,19.92 ,20.25 ,19.58 ,83.30 ,262.40 ,2.80 
2019-06-27,22.22 ,24.59 ,18.94 ,20.04 ,21.02 ,19.37 ,99.70 ,130.60 ,3.64 
2019-06-28,23.78 ,28.93 ,20.47 ,21.65 ,22.24 ,21.02 ,96.60 ,188.60 ,1.83 
2019-06-29,22.63 ,27.08 ,17.79 ,22.03 ,22.27 ,21.80 ,92.20 ,180.30 ,1.42 
2019-07-01,23.95 ,27.56 ,20.68 ,22.97 ,23.16 ,22.91 ,95.80 ,167.70 ,1.24 
2019-07-02,22.56 ,27.15 ,19.07 ,22.78 ,23.03 ,22.66 ,94.00 ,165.80 ,1.24 
2019-07-03,21.74 ,25.06 ,18.06 ,22.66 ,22.81 ,22.49 ,94.50 ,166.20 ,1.22 
2019-07-04,21.85 ,27.42 ,18.33 ,22.32 ,22.50 ,22.05 ,91.60 ,186.10 ,1.31 
2019-07-05,23.14 ,29.84 ,16.98 ,21.79 ,22.06 ,21.42 ,80.10 ,257.00 ,1.62 
2019-07-06,22.06 ,28.93 ,15.16 ,21.63 ,21.95 ,21.44 ,81.80 ,217.70 ,1.19 
2019-07-07,20.34 ,24.46 ,14.22 ,21.17 ,21.66 ,20.94 ,96.70 ,154.60 ,2.66 
2019-07-08,20.87 ,21.94 ,20.09 ,21.33 ,21.45 ,21.24 ,98.60 ,126.80 ,4.36 
2019-07-09,20.26 ,21.03 ,19.07 ,21.62 ,21.83 ,21.44 ,99.90 ,123.30 ,2.88 
2019-07-10,20.54 ,21.44 ,19.58 ,21.90 ,22.01 ,21.82 ,99.40 ,119.20 ,2.87 
2019-07-12,23.52 ,26.95 ,18.86 ,23.77 ,24.21 ,23.13 ,87.20 ,328.70 ,3.20 
2019-07-13,22.57 ,28.02 ,19.01 ,22.70 ,23.19 ,22.33 ,90.90 ,201.90 ,1.76 
2019-07-14,20.11 ,21.23 ,18.80 ,22.25 ,22.39 ,22.14 ,99.80 ,129.70 ,1.78 
2019-07-15,23.55 ,28.97 ,20.02 ,22.57 ,22.96 ,22.34 ,90.20 ,249.40 ,2.11 
2019-07-16,22.69 ,28.83 ,16.98 ,22.49 ,22.69 ,22.30 ,92.60 ,203.20 ,1.40 
2019-07-17,22.47 ,28.12 ,17.05 ,22.44 ,22.56 ,22.24 ,90.20 ,245.80 ,1.83 
2019-07-18,23.13 ,24.83 ,21.56 ,22.61 ,23.13 ,22.39 ,98.80 ,140.30 ,2.53 
2019-07-19,24.04 ,25.37 ,22.61 ,23.83 ,24.55 ,23.12 ,99.90 ,118.40 ,3.14 
2019-07-20,24.62 ,26.18 ,23.68 ,25.47 ,26.11 ,24.54 ,99.90 ,119.50 ,5.56 
2019-07-21,24.18 ,25.54 ,23.05 ,26.48 ,27.27 ,25.95 ,99.30 ,139.90 ,6.45 
2019-07-22,26.70 ,31.06 ,23.07 ,26.95 ,28.98 ,25.56 ,91.20 ,184.20 ,2.40 
2019-07-23,27.02 ,31.33 ,24.66 ,26.09 ,26.56 ,25.58 ,95.00 ,167.40 ,2.13 
2019-07-24,27.67 ,31.94 ,24.66 ,25.58 ,26.44 ,24.95 ,86.00 ,229.30 ,2.96 
2019-07-25,27.68 ,32.00 ,23.71 ,24.82 ,25.09 ,24.52 ,87.20 ,242.50 ,2.77 
2019-07-26,27.94 ,32.14 ,24.83 ,25.23 ,25.56 ,24.91 ,93.20 ,200.60 ,2.61 
2019-07-27,28.03 ,31.80 ,25.54 ,25.70 ,25.91 ,25.52 ,91.70 ,245.70 ,3.92 
2019-07-28,27.27 ,31.80 ,24.76 ,26.13 ,26.61 ,25.85 ,96.10 ,158.40 ,3.40 
2019-07-29,27.54 ,30.52 ,25.54 ,26.64 ,26.98 ,26.28 ,90.20 ,245.50 ,4.25 
2019-07-30,28.11 ,32.97 ,23.31 ,25.87 ,26.33 ,25.40 ,84.40 ,226.40 ,3.18 
2019-07-31,28.60 ,32.68 ,25.74 ,25.83 ,26.19 ,25.55 ,87.70 ,259.10 ,4.49 
2019-08-01,28.43 ,32.68 ,25.47 ,26.00 ,26.22 ,25.68 ,84.90 ,232.90 ,3.23 
2019-08-02,27.86 ,33.55 ,22.97 ,25.98 ,26.33 ,25.59 ,88.30 ,256.20 ,2.10 
2019-08-03,26.63 ,33.35 ,21.16 ,26.05 ,26.38 ,25.72 ,87.90 ,247.30 ,1.63 
2019-08-04,26.03 ,31.19 ,21.10 ,25.91 ,26.33 ,25.66 ,92.70 ,184.90 ,2.13 
2019-08-05,27.20 ,31.53 ,21.66 ,26.10 ,26.30 ,25.92 ,91.90 ,221.30 ,2.38 
2019-08-06,26.36 ,32.40 ,19.68 ,25.91 ,26.25 ,25.50 ,86.70 ,232.50 ,1.25 
2019-08-07,27.51 ,32.74 ,22.71 ,25.98 ,26.41 ,25.64 ,86.70 ,230.80 ,1.65 
2019-08-08,27.74 ,33.04 ,21.83 ,26.12 ,26.48 ,25.72 ,87.50 ,247.90 ,2.33 
2019-08-09,27.69 ,30.53 ,25.74 ,26.45 ,26.64 ,26.26 ,93.00 ,187.90 ,3.17 
2019-08-10,27.66 ,29.96 ,26.01 ,26.59 ,26.72 ,26.45 ,93.00 ,179.00 ,4.09 
2019-08-11,27.03 ,27.90 ,26.52 ,26.76 ,26.88 ,26.64 ,96.20 ,131.40 ,6.67 
2019-08-12,26.87 ,27.43 ,26.28 ,27.13 ,27.78 ,26.79 ,99.30 ,110.30 ,8.63 
2019-08-13,26.97 ,27.49 ,26.35 ,28.86 ,30.06 ,27.75 ,100.00 ,128.10 ,5.07 
2019-08-14,28.32 ,33.04 ,24.69 ,29.01 ,31.69 ,26.86 ,88.70 ,232.10 ,1.79 
2019-08-15,27.80 ,31.46 ,25.06 ,26.72 ,27.06 ,26.50 ,92.00 ,220.20 ,3.02 
2019-08-16,25.63 ,27.43 ,24.52 ,26.97 ,27.35 ,26.64 ,97.90 ,153.80 ,5.00 
2019-08-17,25.42 ,29.31 ,19.75 ,26.85 ,27.33 ,26.15 ,90.30 ,217.00 ,2.50 
2019-08-18,24.95 ,32.26 ,17.06 ,25.46 ,26.16 ,24.92 ,85.50 ,234.90 ,0.93 
2019-08-19,23.87 ,30.12 ,19.55 ,24.83 ,25.34 ,24.41 ,96.30 ,156.40 ,0.68 
2019-08-20,24.79 ,30.78 ,20.29 ,24.45 ,24.76 ,24.23 ,89.70 ,210.10 ,0.67 
2019-08-21,25.94 ,30.13 ,22.95 ,25.11 ,25.67 ,24.75 ,98.00 ,161.30 ,1.72 
2019-08-22,26.28 ,29.05 ,24.59 ,26.18 ,26.90 ,25.67 ,99.60 ,148.40 ,2.84 
2019-08-23,27.46 ,32.81 ,22.64 ,27.19 ,27.92 ,26.74 ,92.60 ,214.00 ,2.80 
2019-08-24,25.08 ,29.58 ,20.86 ,26.29 ,26.78 ,25.76 ,88.40 ,195.00 ,1.57 
2019-08-25,24.11 ,28.90 ,19.31 ,25.24 ,25.78 ,24.98 ,81.40 ,184.40 ,0.61 
2019-08-26,23.48 ,27.29 ,21.17 ,24.67 ,25.00 ,24.52 ,87.40 ,163.30 ,0.56 
2019-08-27,23.68 ,25.84 ,21.54 ,24.58 ,25.05 ,24.39 ,99.70 ,126.70 ,1.84 
2019-08-28,25.42 ,29.65 ,24.15 ,25.43 ,25.71 ,25.03 ,99.00 ,126.50 ,1.05 
2019-08-29,24.37 ,27.43 ,22.24 ,25.93 ,26.40 ,25.66 ,99.10 ,128.70 ,1.00 
2019-08-30,21.53 ,23.05 ,18.33 ,24.97 ,25.84 ,24.49 ,98.00 ,126.10 ,1.22 
2019-09-18,21.33 ,23.92 ,18.40 ,35.58 ,37.37 ,33.91 ,91.50 ,190.10 ,1.88 
2019-09-19,20.64 ,26.75 ,15.13 ,33.85 ,37.48 ,30.48 ,87.80 ,231.10 ,3.34 
2019-09-20,19.78 ,24.93 ,14.62 ,26.99 ,30.48 ,21.83 ,87.60 ,215.00 ,1.26 
2019-09-21,19.80 ,24.66 ,13.89 ,20.83 ,22.11 ,19.36 ,91.70 ,181.80 ,1.18 
2019-09-22,19.54 ,22.21 ,18.07 ,19.42 ,20.97 ,18.45 ,99.90 ,116.50 ,1.95 
2019-09-23,19.60 ,21.77 ,17.87 ,18.89 ,19.34 ,18.08 ,99.90 ,113.60 ,6.30 
2019-09-24,18.67 ,23.17 ,11.92 ,18.83 ,20.50 ,17.81 ,94.20 ,192.50 ,3.47 
2019-09-25,16.73 ,23.54 ,10.21 ,17.82 ,19.58 ,16.16 ,85.80 ,226.20 ,2.26 
2019-09-26,18.00 ,24.66 ,10.17 ,17.55 ,19.94 ,15.37 ,88.30 ,217.70 ,1.02 
2019-09-27,21.93 ,25.06 ,19.01 ,18.92 ,19.82 ,18.12 ,98.50 ,140.50 ,1.39 
2019-09-28,23.49 ,25.94 ,22.54 ,20.40 ,21.45 ,19.64 ,99.80 ,132.60 ,0.92 
2019-09-29,24.20 ,28.90 ,21.29 ,21.84 ,22.98 ,20.83 ,98.90 ,153.90 ,0.49 
2019-09-30,23.37 ,27.36 ,20.42 ,22.04 ,22.95 ,21.11 ,99.30 ,140.60 ,0.57 
2019-10-01,23.27 ,27.48 ,19.92 ,21.97 ,22.95 ,20.82 ,96.90 ,160.50 ,0.68 
2019-10-02,22.84 ,24.42 ,19.98 ,21.65 ,22.10 ,20.56 ,99.90 ,119.30 ,1.14 
2019-10-03,23.59 ,25.60 ,20.15 ,20.72 ,21.39 ,19.73 ,99.80 ,121.50 ,3.39 
2019-10-04,21.89 ,24.26 ,18.60 ,20.60 ,21.15 ,19.86 ,94.70 ,150.40 ,6.22 
2019-10-05,21.22 ,27.01 ,15.84 ,19.88 ,21.39 ,18.26 ,91.20 ,169.10 ,1.99 
2019-10-06,18.73 ,22.17 ,15.84 ,19.00 ,20.18 ,18.04 ,96.10 ,153.70 ,4.59 
2019-10-07,18.58 ,22.17 ,13.88 ,17.63 ,18.53 ,16.73 ,96.50 ,137.80 ,1.48 
2019-10-08,19.75 ,22.54 ,17.28 ,18.07 ,18.76 ,17.41 ,96.00 ,133.60 ,2.23 
2019-10-09,17.95 ,22.17 ,13.08 ,18.02 ,18.72 ,17.02 ,82.50 ,212.70 ,5.41 
2019-10-10,14.31 ,21.89 ,4.78 ,16.30 ,18.31 ,14.55 ,76.11 ,221.70 ,3.14 
2019-10-11,14.01 ,24.92 ,3.90 ,15.61 ,18.59 ,12.85 ,80.70 ,216.80 ,0.50 
2019-10-12,18.08 ,25.74 ,10.58 ,16.75 ,19.14 ,14.61 ,65.80 ,209.80 ,2.47 
2019-10-13,18.40 ,23.37 ,13.14 ,17.42 ,19.62 ,15.73 ,84.20 ,199.60 ,2.34 
2019-10-14,16.28 ,19.95 ,12.00 ,16.65 ,17.88 ,15.21 ,87.60 ,166.30 ,1.39 
2019-10-15,16.78 ,21.89 ,13.42 ,16.50 ,18.17 ,15.03 ,89.20 ,184.70 ,4.48 
2019-10-16,15.07 ,17.93 ,12.07 ,15.33 ,16.59 ,14.21 ,91.20 ,141.30 ,2.76 
2019-10-17,13.98 ,20.07 ,8.89 ,15.50 ,17.55 ,13.86 ,86.80 ,203.70 ,1.35 
2019-10-18,16.38 ,20.88 ,10.58 ,15.15 ,16.83 ,13.46 ,90.40 ,168.70 ,1.46 
2019-10-19,17.68 ,18.27 ,17.09 ,16.04 ,16.32 ,15.78 ,99.30 ,113.50 ,2.08 
2019-10-20,17.63 ,21.49 ,13.34 ,16.77 ,18.41 ,15.80 ,92.80 ,199.50 ,3.86 
2019-10-21,15.39 ,21.69 ,10.04 ,15.76 ,17.17 ,14.09 ,94.30 ,160.60 ,1.17 
2019-10-22,16.57 ,21.55 ,11.93 ,15.64 ,17.49 ,14.07 ,89.40 ,182.00 ,1.72 
2019-10-23,17.58 ,21.89 ,12.06 ,16.19 ,17.55 ,14.82 ,94.00 ,160.90 ,1.47 
2019-10-24,18.43 ,21.02 ,17.16 ,16.94 ,17.63 ,16.26 ,96.90 ,139.60 ,1.53 
2019-10-25,17.92 ,21.43 ,15.97 ,16.72 ,17.39 ,16.16 ,92.60 ,149.80 ,3.10 
2019-10-26,17.59 ,22.63 ,12.06 ,16.07 ,17.34 ,14.68 ,85.10 ,185.70 ,3.87 
2019-10-27,14.21 ,16.92 ,12.47 ,15.25 ,15.99 ,14.25 ,84.20 ,165.90 ,5.72 
2019-10-28,13.03 ,17.55 ,9.70 ,14.00 ,15.39 ,12.77 ,80.20 ,186.10 ,3.90 
2019-10-29,13.06 ,20.28 ,8.76 ,13.55 ,15.37 ,11.92 ,88.10 ,165.70 ,1.20 
2019-10-30,14.40 ,20.01 ,8.35 ,13.70 ,15.05 ,12.35 ,80.60 ,173.70 ,3.15 
2019-10-31,13.69 ,18.46 ,9.57 ,13.57 ,15.50 ,12.20 ,81.30 ,193.60 ,3.21 
2019-11-01,13.07 ,21.62 ,3.50 ,13.09 ,15.18 ,11.02 ,76.75 ,194.50 ,2.41 
2019-11-02,15.86 ,22.97 ,7.31 ,13.40 ,15.66 ,11.42 ,70.30 ,191.60 ,3.04 
2019-11-03,14.66 ,21.62 ,7.82 ,13.59 ,15.43 ,11.53 ,92.30 ,159.50 ,0.43 
2019-11-04,15.02 ,20.19 ,11.05 ,14.02 ,14.89 ,13.26 ,93.00 ,140.50 ,2.00 
2019-11-05,13.42 ,18.20 ,7.99 ,12.94 ,14.10 ,11.51 ,97.10 ,139.00 ,0.66 
2019-11-06,14.03 ,28.75 ,9.57 ,13.45 ,15.07 ,12.12 ,91.20 ,170.90 ,1.81 
2019-11-07,13.10 ,20.40 ,7.21 ,12.82 ,14.80 ,10.78 ,79.76 ,187.60 ,2.22 
2019-11-08,13.38 ,17.59 ,9.50 ,12.49 ,13.60 ,11.50 ,84.00 ,156.30 ,4.46 
2019-11-09,11.00 ,22.92 ,8.02 ,11.68 ,13.22 ,10.40 ,81.00 ,186.00 ,5.61 
2019-11-10,11.34 ,16.91 ,6.67 ,10.92 ,12.83 ,9.27 ,75.07 ,186.60 ,4.57 
2019-11-11,12.39 ,18.53 ,2.29 ,10.48 ,12.15 ,8.55 ,84.70 ,162.30 ,1.37 
2019-11-12,14.43 ,17.59 ,11.80 ,11.65 ,12.74 ,10.76 ,78.07 ,155.20 ,6.18 
2019-11-13,11.96 ,18.93 ,5.41 ,11.56 ,13.29 ,10.01 ,79.74 ,173.90 ,3.04 
2019-11-14,12.71 ,18.68 ,4.17 ,10.75 ,11.63 ,9.60 ,86.00 ,126.70 ,2.20 
2019-11-15,7.38 ,12.34 ,-1.63 ,10.70 ,11.57 ,9.08 ,76.78 ,177.10 ,6.37 
2019-11-16,6.67 ,17.31 ,-2.91 ,8.58 ,10.89 ,6.37 ,78.88 ,182.50 ,0.54 
2019-11-17,10.99 ,20.54 ,1.07 ,9.01 ,10.86 ,6.94 ,89.70 ,155.10 ,0.61 
2019-11-18,19.12 ,21.83 ,15.97 ,11.82 ,13.82 ,10.04 ,88.90 ,146.40 ,1.97 
2019-11-19,12.12 ,20.49 ,8.42 ,13.30 ,15.09 ,10.93 ,92.60 ,120.80 ,6.57 
2019-11-20,8.05 ,10.11 ,7.11 ,9.39 ,10.93 ,8.34 ,73.43 ,136.10 ,6.98 
2019-11-21,7.08 ,11.05 ,0.43 ,8.38 ,9.67 ,7.52 ,76.42 ,178.70 ,4.10 
2019-11-22,8.65 ,14.69 ,-0.41 ,7.62 ,9.34 ,5.88 ,90.70 ,150.70 ,0.78 
2019-11-23,14.45 ,17.99 ,9.03 ,9.60 ,10.96 ,8.37 ,92.90 ,133.70 ,0.87 
2019-11-24,15.44 ,19.28 ,8.36 ,11.25 ,12.82 ,9.71 ,95.30 ,147.40 ,0.85 
2019-11-25,16.88 ,19.48 ,10.72 ,13.56 ,14.44 ,12.82 ,99.70 ,128.30 ,2.98 
2019-11-26,7.55 ,10.99 ,5.94 ,10.81 ,13.76 ,8.53 ,89.00 ,118.60 ,6.59 
2019-11-27,11.37 ,13.42 ,7.69 ,9.05 ,9.95 ,8.31 ,96.00 ,118.80 ,1.63 
2019-11-28,8.97 ,12.54 ,6.27 ,9.53 ,9.97 ,8.31 ,97.60 ,113.70 ,4.70 
2019-11-29,9.32 ,11.59 ,7.31 ,8.81 ,9.50 ,7.19 ,88.30 ,187.20 ,4.15 
2019-11-30,6.84 ,10.81 ,0.19 ,7.86 ,8.88 ,6.89 ,77.29 ,173.50 ,4.45 
2019-12-01,8.42 ,16.67 ,-1.55 ,7.22 ,9.52 ,5.18 ,83.10 ,169.60 ,0.95 
2019-12-02,11.15 ,14.97 ,8.76 ,9.27 ,9.86 ,8.90 ,99.90 ,112.70 ,2.14 
2019-12-03,7.18 ,9.30 ,4.76 ,9.10 ,9.69 ,8.31 ,87.90 ,138.40 ,7.45 
2019-12-04,6.13 ,8.26 ,3.63 ,7.55 ,8.32 ,7.16 ,78.56 ,119.00 ,3.56 
2019-12-05,8.33 ,12.72 ,4.99 ,7.60 ,8.68 ,6.70 ,74.95 ,148.90 ,3.37 
2019-12-06,5.86 ,10.99 ,3.17 ,6.17 ,7.79 ,5.37 ,77.34 ,130.70 ,4.84 
2019-12-07,1.55 ,3.44 ,0.33 ,4.39 ,5.43 ,3.83 ,76.03 ,134.60 ,5.64 
2019-12-08,4.50 ,7.34 ,0.47 ,3.94 ,4.79 ,3.27 ,74.73 ,154.40 ,5.95 
2019-12-09,6.66 ,9.57 ,3.84 ,5.21 ,6.55 ,4.33 ,77.63 ,167.80 ,4.36 
2019-12-10,7.39 ,13.95 ,2.65 ,5.91 ,7.41 ,4.72 ,82.10 ,155.40 ,1.27 
2019-12-11,9.12 ,18.05 ,1.41 ,6.33 ,8.35 ,4.54 ,84.80 ,169.20 ,0.47 
2019-12-12,10.02 ,17.92 ,2.02 ,7.05 ,8.61 ,5.39 ,81.30 ,163.20 ,3.37 
2019-12-13,5.76 ,9.37 ,1.82 ,6.85 ,7.89 ,6.03 ,73.35 ,158.50 ,5.36 
2019-12-14,5.11 ,13.28 ,-2.26 ,5.68 ,7.19 ,4.29 ,89.10 ,161.40 ,1.01 
2019-12-15,7.09 ,11.23 ,-0.82 ,5.79 ,6.62 ,5.19 ,86.40 ,143.80 ,3.68 
2019-12-16,8.29 ,14.19 ,-0.41 ,5.34 ,6.67 ,4.11 ,93.10 ,136.90 ,0.19 
2019-12-17,11.93 ,15.91 ,7.51 ,7.08 ,8.29 ,6.00 ,88.90 ,145.50 ,0.27 
2019-12-18,13.19 ,18.00 ,8.22 ,9.15 ,9.94 ,8.26 ,99.30 ,125.30 ,2.78 
2019-12-19,6.66 ,16.56 ,4.72 ,8.37 ,9.53 ,7.16 ,88.90 ,157.70 ,6.69 
2019-12-20,5.47 ,8.42 ,4.18 ,6.58 ,7.17 ,6.03 ,82.00 ,157.90 ,6.58 
2019-12-21,5.67 ,9.03 ,3.51 ,5.38 ,6.03 ,4.74 ,78.88 ,131.90 ,3.31 
2019-12-22,5.50 ,8.69 ,0.67 ,4.66 ,5.30 ,4.08 ,82.20 ,125.80 ,1.09 
2019-12-23,6.50 ,8.83 ,1.21 ,5.25 ,5.90 ,4.79 ,96.80 ,121.20 ,0.32 
2019-12-24,6.71 ,10.52 ,-0.04 ,4.57 ,5.43 ,3.72 ,88.70 ,131.60 ,2.86 
2019-12-25,5.89 ,11.99 ,-0.41 ,5.22 ,6.54 ,4.35 ,84.80 ,149.40 ,1.13 
2019-12-26,8.08 ,13.82 ,-0.21 ,4.99 ,6.56 ,3.86 ,99.40 ,127.90 ,0.06 
2019-12-27,8.33 ,11.12 ,3.78 ,6.80 ,7.29 ,6.18 ,97.50 ,115.60 ,4.11 
2019-12-28,3.91 ,4.86 ,2.90 ,4.89 ,6.18 ,4.38 ,76.86 ,119.70 ,5.55 
2019-12-29,3.83 ,8.09 ,-0.95 ,4.56 ,5.62 ,3.81 ,82.60 ,138.20 ,0.54 
2019-12-30,9.83 ,15.31 ,1.01 ,5.56 ,8.30 ,4.21 ,99.10 ,116.20 ,0.61 
2019-12-31,10.15 ,13.42 ,4.05 ,8.36 ,8.89 ,7.94 ,94.90 ,136.90 ,4.88 
